claim_id,claim_date,claim_type,claim_severity,claim_amount,customer_age,customer_gender,customer_occupation,customer_claims_history,policy_type,policy_coverage,policy_deductible
1,2012-05-26,Life,Major,98334,28,M,Blue-collar,4,Premium,37369,5814
2,2015-06-03,Home,Major,49128,34,M,Unemployed,2,Standard,83867,9538
3,2012-12-04,Home,Minor,96616,63,F,Unemployed,2,Standard,47104,9035
4,2019-09-09,Life,Minor,8800,63,F,Blue-collar,3,Standard,86587,8979
5,2012-12-01,Home,Major,72419,55,F,Professional,4,Standard,84082,4412
6,2015-08-25,Auto,Catastrophic,44817,69,M,Blue-collar,3,Premium,29146,598
7,2021-05-12,Life,Catastrophic,17361,70,M,Professional,3,Premium,17694,2653
8,2010-06-09,Home,Minor,31338,54,M,Blue-collar,0,Standard,40330,6153
9,2020-05-11,Auto,Catastrophic,37757,57,F,Unemployed,4,Premium,39019,2781
10,2018-05-01,Life,Minor,39903,29,M,Professional,2,Premium,81902,2105
11,2010-04-22,Home,Major,13947,64,F,Professional,4,Premium,33664,5081
12,2019-03-27,Home,Catastrophic,6122,63,M,Professional,4,Premium,52193,6496
13,2010-07-04,Home,Minor,51660,30,F,Professional,1,Premium,54258,8437
14,2021-03-10,Life,Catastrophic,24272,36,F,Professional,4,Standard,21788,5752
15,2011-07-10,Life,Minor,40549,36,F,Professional,0,Premium,35105,3531
16,2023-09-26,Auto,Catastrophic,3288,27,F,Professional,4,Standard,29374,6170
17,2013-10-26,Home,Catastrophic,34716,55,F,Professional,3,Premium,86013,4559
18,2010-02-06,Home,Major,69244,51,M,Professional,2,Premium,75864,11
19,2022-01-23,Auto,Major,44525,64,M,Unemployed,1,Premium,42389,1820
20,2012-01-15,Life,Catastrophic,43865,65,F,Professional,3,Standard,10352,2351
21,2010-04-17,Auto,Major,20154,48,M,Unemployed,0,Standard,84128,891
22,2013-11-23,Life,Major,72869,41,F,Professional,1,Premium,85453,4823
23,2023-11-03,Home,Major,86656,34,F,Blue-collar,5,Standard,82045,2496
24,2019-02-07,Life,Minor,77739,59,F,Professional,4,Premium,24026,4892
25,2022-05-12,Life,Major,73186,19,F,Professional,4,Standard,61865,6761
26,2012-12-03,Life,Major,63441,54,F,Unemployed,1,Standard,71835,23
27,2020-04-10,Auto,Catastrophic,11048,26,M,Unemployed,5,Standard,63039,1865
28,2019-06-13,Home,Major,86657,67,M,Blue-collar,5,Premium,27166,7505
29,2017-08-16,Auto,Minor,79095,40,M,Blue-collar,1,Standard,52600,3588
30,2018-09-11,Auto,Minor,63703,56,F,Professional,2,Premium,96543,7707
31,2019-11-07,Home,Minor,91835,59,F,Professional,1,Premium,90012,5926
32,2012-08-22,Life,Major,94145,26,M,Professional,3,Premium,16110,2171
33,2013-10-13,Life,Minor,36899,28,M,Unemployed,0,Premium,90172,4385
34,2015-04-21,Home,Catastrophic,13817,32,M,Professional,5,Standard,68769,9543
35,2018-04-23,Life,Minor,26670,59,M,Blue-collar,2,Premium,58946,2118
36,2013-08-03,Home,Catastrophic,85191,51,F,Professional,4,Standard,11822,2097
37,2020-02-10,Home,Catastrophic,46806,48,F,Blue-collar,5,Premium,95501,925
38,2015-08-03,Home,Major,59927,44,F,Professional,1,Standard,43196,3878
39,2019-09-26,Home,Catastrophic,60801,66,F,Professional,2,Premium,75368,4165
40,2018-03-28,Auto,Catastrophic,21175,19,F,Blue-collar,2,Premium,50742,4417
41,2020-12-14,Auto,Minor,97669,53,M,Blue-collar,5,Standard,25762,730
42,2010-02-14,Life,Major,99229,52,M,Professional,4,Premium,12161,7213
43,2019-03-20,Home,Major,21811,21,F,Blue-collar,5,Standard,83263,5543
44,2021-12-05,Life,Catastrophic,54706,21,F,Blue-collar,1,Premium,99242,8725
45,2013-06-11,Life,Minor,66077,34,F,Professional,3,Premium,57251,2821
46,2016-10-27,Life,Major,41768,50,M,Blue-collar,4,Premium,99979,65
47,2018-10-06,Auto,Major,49759,56,F,Professional,3,Premium,69783,5489
48,2020-09-08,Auto,Catastrophic,7257,33,F,Unemployed,2,Standard,85957,5044
49,2015-06-24,Auto,Major,9992,27,F,Unemployed,4,Standard,18757,4740
50,2017-11-07,Home,Minor,64241,61,F,Blue-collar,3,Standard,68718,9240
51,2022-07-26,Life,Minor,16774,43,M,Blue-collar,3,Standard,16744,1497
52,2012-07-21,Life,Catastrophic,58131,36,M,Unemployed,4,Standard,56533,3946
53,2017-06-19,Auto,Minor,57750,55,M,Professional,4,Standard,21312,4605
54,2019-09-11,Life,Catastrophic,33125,48,F,Blue-collar,0,Standard,83411,8400
55,2023-04-23,Life,Major,94848,39,M,Unemployed,4,Standard,64124,6897
56,2015-02-07,Auto,Catastrophic,44165,38,F,Professional,5,Premium,21014,307
57,2011-04-15,Auto,Catastrophic,7684,31,M,Blue-collar,3,Premium,12405,4971
58,2017-02-23,Life,Minor,85500,68,M,Professional,3,Standard,95569,758
59,2013-07-12,Auto,Major,65469,57,F,Unemployed,3,Premium,67312,9785
60,2019-06-20,Auto,Minor,79666,50,F,Professional,1,Premium,35470,9529
61,2013-03-04,Life,Major,10787,68,M,Unemployed,0,Standard,99949,1227
62,2015-02-21,Life,Catastrophic,55230,41,M,Blue-collar,4,Standard,84349,3269
63,2014-02-16,Auto,Minor,42125,29,F,Blue-collar,4,Standard,96252,6627
64,2013-12-25,Home,Minor,65481,49,F,Blue-collar,2,Standard,74947,7217
65,2020-05-07,Home,Minor,90975,46,F,Professional,1,Standard,85653,9642
66,2023-03-04,Life,Minor,49704,41,M,Unemployed,1,Standard,30882,3360
67,2012-07-02,Life,Major,25261,32,F,Unemployed,4,Standard,70341,1401
68,2016-01-10,Auto,Catastrophic,39840,61,M,Professional,0,Premium,47896,1024
69,2020-12-23,Auto,Major,23512,39,F,Blue-collar,0,Standard,47085,3131
70,2014-05-02,Home,Major,95148,24,M,Professional,3,Standard,57427,9658
71,2021-05-23,Home,Catastrophic,97523,57,M,Blue-collar,3,Premium,44968,1497
72,2023-10-26,Home,Major,33878,53,F,Professional,5,Standard,45652,1787
73,2018-01-20,Home,Major,87571,22,F,Blue-collar,3,Premium,64843,5279
74,2014-08-15,Auto,Major,92366,42,F,Blue-collar,0,Premium,63609,3094
75,2018-10-20,Life,Catastrophic,76133,42,F,Blue-collar,3,Premium,73211,1613
76,2018-12-15,Home,Catastrophic,29331,64,F,Unemployed,1,Standard,41734,7807
77,2015-09-02,Home,Minor,25472,24,F,Unemployed,1,Premium,34648,6288
78,2011-01-03,Life,Major,6956,30,F,Professional,3,Premium,54083,8931
79,2018-06-02,Life,Catastrophic,35223,43,F,Unemployed,2,Standard,90671,100
80,2018-10-24,Home,Major,37933,54,M,Blue-collar,1,Premium,66966,4140
81,2019-10-26,Auto,Catastrophic,53653,64,M,Professional,2,Standard,33276,9428
82,2018-08-06,Life,Minor,89569,67,M,Professional,4,Premium,11079,4238
83,2018-11-28,Life,Major,45761,34,F,Blue-collar,4,Standard,67899,4726
84,2017-06-14,Home,Catastrophic,11439,23,M,Blue-collar,1,Standard,83039,7318
85,2016-01-10,Auto,Major,29618,51,F,Unemployed,0,Premium,81978,5800
86,2014-07-16,Home,Catastrophic,76773,36,M,Unemployed,5,Standard,29982,53
87,2018-03-18,Home,Minor,46770,37,F,Professional,0,Standard,50096,771
88,2021-06-14,Home,Minor,12185,22,M,Professional,3,Standard,44699,3206
89,2015-01-09,Auto,Minor,80149,27,M,Professional,2,Standard,14799,8588
90,2023-05-23,Home,Minor,52976,65,F,Blue-collar,1,Premium,22322,2078
91,2013-10-27,Auto,Major,46011,45,M,Professional,1,Premium,54995,2492
92,2016-11-09,Life,Minor,15523,42,F,Professional,0,Standard,91197,7052
93,2018-07-13,Home,Minor,39927,27,F,Blue-collar,4,Premium,65709,7138
94,2011-06-01,Home,Minor,88052,21,M,Blue-collar,1,Premium,58262,8069
95,2020-03-27,Life,Catastrophic,29022,36,M,Blue-collar,5,Premium,93667,8362
96,2019-10-19,Home,Catastrophic,47077,55,F,Unemployed,5,Premium,77087,1884
97,2015-03-02,Auto,Minor,41739,61,F,Professional,1,Premium,87428,6786
98,2014-09-23,Home,Major,99968,40,M,Unemployed,1,Standard,81980,5098
99,2020-02-18,Home,Catastrophic,8069,53,F,Professional,1,Standard,56331,2514
100,2012-01-26,Home,Minor,28162,43,F,Blue-collar,4,Premium,85933,982
101,2016-08-08,Home,Minor,30853,47,F,Blue-collar,0,Standard,77358,5764
102,2016-12-20,Home,Major,11349,33,F,Unemployed,2,Standard,20865,4696
103,2019-06-22,Auto,Minor,51119,68,F,Professional,1,Premium,78795,9880
104,2013-01-24,Life,Catastrophic,52659,24,F,Professional,4,Premium,61718,4925
105,2014-03-01,Auto,Major,51919,33,F,Professional,4,Premium,62126,4407
106,2010-05-10,Life,Catastrophic,69818,24,M,Professional,0,Premium,97397,821
107,2023-10-08,Auto,Minor,77726,47,M,Blue-collar,2,Standard,54754,1996
108,2012-07-07,Home,Catastrophic,62151,21,M,Blue-collar,0,Premium,44294,2413
109,2010-07-04,Auto,Major,70939,68,M,Blue-collar,0,Standard,89274,2773
110,2016-03-25,Home,Minor,49873,50,F,Professional,5,Standard,59707,279
111,2011-11-14,Life,Catastrophic,69857,61,M,Professional,0,Premium,53399,9060
112,2023-08-16,Home,Major,68762,58,M,Blue-collar,5,Standard,17455,1306
113,2022-01-15,Home,Catastrophic,72090,32,M,Professional,3,Standard,77512,4551
114,2023-10-08,Life,Catastrophic,14495,57,M,Professional,0,Standard,67216,6927
115,2015-05-12,Home,Minor,10482,29,F,Unemployed,1,Standard,12315,4976
116,2018-12-05,Life,Minor,81291,46,M,Unemployed,4,Premium,36758,7374
117,2011-07-28,Home,Major,80048,60,F,Professional,0,Premium,37284,1779
118,2010-06-07,Life,Minor,8132,52,F,Professional,2,Standard,50219,4675
119,2015-03-17,Home,Catastrophic,47692,64,F,Professional,2,Standard,75973,9540
120,2017-05-19,Home,Major,88596,60,F,Unemployed,5,Premium,37244,8196
121,2010-10-23,Life,Catastrophic,68218,48,M,Professional,5,Premium,42990,890
122,2015-12-10,Auto,Minor,22027,50,F,Professional,3,Premium,94314,6437
123,2017-09-16,Life,Minor,65715,70,F,Unemployed,4,Standard,67297,5818
124,2014-07-25,Life,Catastrophic,32718,31,F,Unemployed,0,Standard,96909,4207
125,2013-11-11,Home,Catastrophic,32408,69,M,Blue-collar,0,Premium,48314,9741
126,2010-11-01,Life,Major,97053,27,F,Unemployed,3,Standard,23741,7941
127,2012-03-27,Home,Catastrophic,78710,45,M,Unemployed,2,Premium,45243,7056
128,2011-06-17,Life,Minor,77001,24,F,Blue-collar,4,Premium,23475,3744
129,2012-01-16,Life,Minor,39799,24,F,Unemployed,2,Standard,20533,6932
130,2015-04-10,Auto,Minor,71061,66,M,Unemployed,3,Standard,18457,4571
131,2013-07-07,Life,Catastrophic,5321,24,F,Professional,4,Standard,23238,7628
132,2012-02-18,Life,Major,44748,53,M,Unemployed,3,Premium,56603,4039
133,2023-03-22,Life,Catastrophic,18169,25,F,Unemployed,4,Standard,34492,7290
134,2018-12-05,Life,Minor,77670,21,M,Unemployed,4,Standard,21812,7140
135,2023-09-22,Life,Major,7771,54,M,Blue-collar,0,Standard,41857,4187
136,2020-12-22,Auto,Major,98230,34,F,Professional,2,Premium,86350,1846
137,2020-11-03,Life,Major,47338,18,F,Blue-collar,2,Premium,15034,9388
138,2023-03-24,Auto,Catastrophic,57207,60,M,Blue-collar,2,Premium,93844,5924
139,2019-04-27,Auto,Catastrophic,26265,66,F,Blue-collar,0,Premium,23415,2947
140,2016-08-06,Life,Minor,56933,54,F,Unemployed,0,Standard,79787,6547
141,2011-11-06,Auto,Minor,16547,20,M,Unemployed,4,Standard,80424,6946
142,2011-02-13,Life,Major,47565,53,F,Blue-collar,1,Premium,53880,2678
143,2013-05-08,Life,Catastrophic,67487,44,F,Professional,4,Premium,88486,8253
144,2023-05-03,Home,Minor,52139,43,M,Blue-collar,0,Standard,73423,4443
145,2015-12-28,Home,Minor,20322,66,M,Professional,1,Standard,10346,2568
146,2019-02-22,Life,Major,51239,20,M,Unemployed,5,Standard,31202,6515
147,2011-12-26,Life,Minor,48122,44,M,Professional,5,Standard,25729,9961
148,2014-01-22,Auto,Minor,42239,28,M,Unemployed,1,Standard,59196,6077
149,2023-06-24,Life,Minor,11299,26,F,Professional,5,Standard,72001,1322
150,2013-05-21,Life,Major,70937,32,M,Professional,1,Premium,37253,6815
151,2017-10-13,Life,Major,38629,69,F,Unemployed,0,Premium,53476,9423
152,2023-07-04,Life,Catastrophic,15230,56,M,Professional,0,Premium,50448,8773
153,2022-11-10,Auto,Catastrophic,67070,46,M,Unemployed,4,Standard,92549,8583
154,2010-05-01,Auto,Minor,8405,19,F,Professional,1,Premium,76668,264
155,2022-01-24,Life,Minor,49931,23,M,Professional,2,Premium,24367,6882
156,2011-11-04,Auto,Minor,28286,53,F,Blue-collar,2,Standard,62811,8125
157,2019-05-09,Life,Catastrophic,93155,33,M,Professional,0,Standard,83096,6069
158,2018-05-16,Home,Minor,32114,53,M,Professional,0,Standard,20060,1931
159,2012-10-02,Life,Major,62198,55,M,Professional,3,Standard,47187,354
160,2011-07-04,Auto,Catastrophic,5201,42,M,Blue-collar,2,Standard,97017,6554
161,2016-09-08,Home,Minor,55651,54,F,Blue-collar,1,Standard,42013,4708
162,2022-03-11,Home,Major,18152,29,F,Professional,2,Standard,99070,9854
163,2020-01-21,Home,Catastrophic,33545,31,F,Unemployed,2,Premium,40465,9669
164,2010-12-06,Life,Minor,97010,50,F,Professional,2,Standard,62664,3684
165,2018-04-02,Auto,Minor,7042,31,M,Blue-collar,5,Premium,51493,7708
166,2011-10-25,Home,Major,32391,55,M,Professional,3,Premium,31807,3221
167,2010-11-13,Home,Major,59707,30,M,Blue-collar,3,Premium,97540,4589
168,2022-05-13,Life,Catastrophic,81794,63,M,Unemployed,5,Standard,72087,3295
169,2011-09-17,Life,Minor,30181,36,F,Unemployed,3,Premium,77558,8446
170,2010-08-24,Life,Minor,33078,30,F,Blue-collar,1,Premium,19989,835
171,2013-04-09,Life,Minor,74173,51,M,Blue-collar,4,Standard,59416,6277
172,2013-06-05,Auto,Catastrophic,52759,30,M,Unemployed,5,Standard,31417,8508
173,2015-01-02,Auto,Catastrophic,81052,63,M,Blue-collar,1,Standard,63886,4570
174,2019-08-26,Life,Major,4251,25,M,Professional,1,Premium,14488,9540
175,2018-10-26,Life,Catastrophic,47501,54,F,Blue-collar,2,Premium,76226,9007
176,2013-05-26,Life,Major,14855,65,M,Professional,0,Standard,43599,8455
177,2015-05-11,Home,Catastrophic,4162,38,F,Professional,0,Premium,37457,264
178,2021-09-21,Auto,Major,26811,26,M,Unemployed,0,Premium,70163,5373
179,2013-09-17,Auto,Minor,39853,57,M,Blue-collar,5,Standard,22594,8503
180,2011-04-25,Auto,Major,5580,47,M,Unemployed,2,Premium,22770,4758
181,2014-03-11,Auto,Major,78342,52,F,Blue-collar,0,Premium,19785,9294
182,2017-07-01,Auto,Catastrophic,69337,64,M,Unemployed,0,Standard,90330,6176
183,2013-06-06,Home,Catastrophic,79065,48,F,Unemployed,2,Standard,51275,6107
184,2015-06-15,Life,Catastrophic,64296,29,M,Unemployed,4,Standard,39430,1081
185,2011-12-26,Auto,Minor,39961,46,M,Unemployed,0,Premium,94276,1018
186,2015-03-24,Life,Major,55891,20,M,Blue-collar,2,Standard,94083,1385
187,2017-10-15,Auto,Major,54743,26,F,Professional,1,Standard,21565,6316
188,2023-01-13,Home,Catastrophic,27208,21,F,Professional,4,Standard,35954,6969
189,2014-01-04,Home,Catastrophic,42550,41,M,Blue-collar,0,Standard,56837,959
190,2016-09-06,Auto,Catastrophic,33745,62,M,Professional,2,Premium,66649,3229
191,2017-03-13,Life,Major,28695,35,F,Professional,3,Standard,42512,9552
192,2014-02-17,Home,Major,93512,70,M,Professional,2,Premium,28427,3506
193,2012-01-15,Life,Major,9823,46,F,Blue-collar,3,Standard,52634,8019
194,2012-04-27,Home,Major,24144,34,F,Unemployed,4,Premium,37848,680
195,2019-10-16,Home,Catastrophic,98240,52,F,Professional,0,Standard,97901,28
196,2013-01-10,Auto,Minor,52426,56,M,Professional,4,Standard,33644,6331
197,2014-07-24,Life,Minor,57681,27,M,Blue-collar,4,Standard,49911,1437
198,2014-08-20,Life,Major,88206,57,M,Professional,5,Standard,53989,5429
199,2020-01-01,Home,Major,9899,56,F,Blue-collar,1,Premium,94618,1540
200,2017-11-26,Life,Minor,30905,27,M,Blue-collar,4,Standard,20053,4291
201,2010-03-18,Home,Minor,82234,52,F,Professional,2,Premium,56234,5654
202,2011-04-27,Home,Minor,27048,40,M,Unemployed,3,Standard,68747,9297
203,2011-12-19,Life,Minor,91395,67,M,Blue-collar,0,Premium,63870,3207
204,2015-12-13,Life,Minor,73256,63,M,Professional,0,Standard,64728,845
205,2023-03-27,Home,Minor,93201,66,F,Professional,0,Standard,59667,1491
206,2013-02-05,Home,Catastrophic,28916,24,F,Blue-collar,0,Standard,22801,3043
207,2014-06-04,Life,Catastrophic,82527,70,F,Unemployed,0,Premium,52965,2356
208,2020-04-13,Auto,Minor,18681,30,F,Blue-collar,2,Standard,86373,9798
209,2019-02-04,Home,Major,66906,39,M,Blue-collar,4,Standard,61155,3987
210,2011-01-23,Life,Major,62901,56,M,Unemployed,4,Premium,74774,672
211,2012-02-28,Life,Major,13117,64,F,Unemployed,1,Standard,48597,376
212,2019-12-22,Home,Catastrophic,28711,51,F,Professional,1,Standard,72692,5238
213,2010-06-08,Home,Minor,94387,61,M,Blue-collar,3,Standard,82694,9089
214,2019-05-24,Life,Catastrophic,47150,65,F,Unemployed,2,Premium,34984,1166
215,2010-08-20,Home,Catastrophic,71565,37,F,Professional,5,Premium,55724,2581
216,2021-11-23,Life,Minor,16128,54,M,Blue-collar,5,Premium,13098,8800
217,2016-06-26,Auto,Catastrophic,93629,35,F,Professional,5,Standard,26048,8023
218,2010-10-24,Life,Major,90330,37,F,Blue-collar,3,Premium,71425,5421
219,2017-10-09,Home,Major,88797,30,M,Unemployed,4,Standard,74007,8889
220,2018-02-21,Home,Catastrophic,97657,68,M,Blue-collar,3,Premium,23253,7365
221,2021-09-07,Life,Major,71446,22,F,Professional,3,Premium,22130,7907
222,2017-03-28,Auto,Minor,85185,63,F,Professional,1,Premium,88151,8040
223,2013-12-02,Home,Major,62842,50,F,Unemployed,1,Premium,11977,1585
224,2018-06-04,Home,Catastrophic,51823,28,M,Unemployed,4,Standard,98129,6982
225,2016-10-01,Life,Catastrophic,56231,28,M,Blue-collar,0,Premium,99106,3118
226,2014-05-24,Auto,Minor,71654,18,M,Professional,5,Premium,95810,7656
227,2023-03-07,Life,Minor,52731,23,M,Unemployed,5,Premium,88922,6032
228,2012-08-01,Auto,Minor,14526,19,M,Unemployed,4,Premium,10089,157
229,2016-05-14,Home,Major,38465,41,M,Unemployed,1,Standard,72346,4314
230,2010-06-11,Life,Major,32675,19,M,Blue-collar,0,Premium,73000,2895
231,2010-09-04,Auto,Catastrophic,72598,27,F,Blue-collar,4,Standard,59002,990
232,2011-12-25,Home,Catastrophic,12805,46,F,Blue-collar,4,Standard,48591,7313
233,2016-06-17,Life,Minor,16322,30,M,Unemployed,2,Premium,26436,9087
234,2011-11-09,Home,Minor,15939,52,F,Professional,4,Standard,23010,6834
235,2013-10-23,Auto,Major,47779,50,F,Professional,1,Standard,18744,4180
236,2016-03-28,Auto,Major,85699,41,F,Unemployed,2,Premium,82244,6421
237,2022-06-21,Life,Major,32837,56,F,Unemployed,5,Premium,78902,5024
238,2022-09-09,Auto,Major,94037,67,F,Unemployed,3,Standard,31848,4537
239,2021-03-24,Auto,Minor,23199,42,F,Blue-collar,3,Standard,41698,4847
240,2019-01-09,Home,Catastrophic,11073,24,M,Blue-collar,1,Standard,92620,9353
241,2020-04-22,Home,Minor,51516,60,M,Blue-collar,2,Standard,16921,3515
242,2016-10-27,Auto,Catastrophic,80460,56,M,Unemployed,4,Standard,46143,2599
243,2021-10-17,Auto,Major,45793,65,F,Blue-collar,5,Standard,38248,2389
244,2016-12-19,Auto,Catastrophic,65062,68,F,Blue-collar,0,Premium,83335,362
245,2016-10-23,Auto,Catastrophic,65989,69,F,Blue-collar,3,Premium,74276,3655
246,2015-03-24,Life,Catastrophic,21583,59,M,Unemployed,2,Premium,63034,4458
247,2023-10-02,Auto,Minor,15179,63,F,Professional,1,Standard,41171,7173
248,2020-10-09,Life,Minor,19880,29,F,Blue-collar,2,Premium,95711,7020
249,2010-10-15,Life,Catastrophic,16536,42,F,Professional,0,Premium,62511,3397
250,2020-06-12,Life,Minor,89082,26,F,Blue-collar,5,Premium,45241,8435
251,2017-12-16,Auto,Major,77326,32,M,Blue-collar,0,Premium,44846,3445
252,2016-11-20,Life,Major,93943,68,F,Professional,1,Premium,68675,7769
253,2016-05-26,Life,Catastrophic,14828,43,M,Professional,3,Standard,33877,1266
254,2017-10-24,Auto,Minor,60158,60,M,Blue-collar,2,Premium,10227,9415
255,2012-12-15,Home,Major,88561,30,M,Blue-collar,3,Premium,86953,376
256,2018-08-20,Home,Major,88171,64,M,Professional,5,Premium,94391,4534
257,2022-09-04,Auto,Major,68842,44,F,Unemployed,3,Premium,61249,9717
258,2018-11-22,Home,Minor,37700,53,M,Unemployed,4,Standard,69354,9419
259,2013-10-09,Home,Major,5133,21,M,Unemployed,2,Standard,27251,8616
260,2023-07-28,Home,Catastrophic,11255,44,F,Blue-collar,1,Standard,30913,7201
261,2016-06-27,Home,Minor,54562,18,F,Unemployed,1,Premium,22562,2686
262,2020-03-09,Auto,Catastrophic,65773,55,F,Professional,3,Premium,70896,3759
263,2011-08-26,Auto,Catastrophic,53942,35,M,Blue-collar,1,Standard,81876,5640
264,2013-05-11,Auto,Catastrophic,87259,56,F,Unemployed,1,Premium,41784,8568
265,2020-09-05,Home,Minor,71367,66,M,Blue-collar,3,Premium,60691,4248
266,2011-10-21,Auto,Major,33931,38,F,Blue-collar,0,Standard,66991,3950
267,2020-07-17,Auto,Minor,97995,27,M,Professional,2,Standard,57960,1639
268,2017-09-20,Auto,Major,48106,51,M,Blue-collar,5,Standard,32287,1035
269,2010-05-24,Life,Catastrophic,93380,66,F,Unemployed,3,Standard,65336,3903
270,2020-11-25,Auto,Major,94809,64,F,Unemployed,1,Standard,10352,6119
271,2020-07-02,Auto,Catastrophic,27482,36,F,Unemployed,3,Premium,71697,1932
272,2010-08-23,Auto,Catastrophic,99036,19,F,Blue-collar,3,Standard,97606,7049
273,2013-02-11,Auto,Catastrophic,6713,18,M,Blue-collar,5,Premium,70632,9196
274,2013-03-03,Auto,Minor,20586,45,M,Unemployed,1,Premium,54436,4066
275,2018-03-03,Home,Major,79008,62,F,Unemployed,2,Premium,57936,1395
276,2011-05-13,Home,Major,6060,41,M,Professional,0,Premium,99381,3368
277,2017-05-10,Home,Minor,29211,53,F,Blue-collar,2,Standard,56869,7673
278,2016-04-02,Auto,Minor,64036,66,F,Professional,3,Standard,38590,9376
279,2016-04-04,Life,Catastrophic,56532,43,F,Blue-collar,4,Premium,54556,4360
280,2015-08-03,Life,Minor,25361,57,M,Professional,1,Standard,97714,654
281,2020-11-19,Auto,Catastrophic,87884,46,F,Blue-collar,4,Premium,49718,2926
282,2023-09-12,Home,Catastrophic,37600,21,F,Blue-collar,5,Premium,53764,568
283,2012-07-01,Life,Minor,60278,31,F,Professional,2,Premium,22435,4889
284,2018-03-25,Home,Major,90052,67,F,Unemployed,4,Premium,69427,9931
285,2011-06-28,Auto,Major,42616,31,F,Unemployed,0,Standard,58827,1836
286,2013-05-20,Life,Catastrophic,23704,20,M,Blue-collar,5,Standard,53318,4721
287,2021-07-28,Life,Catastrophic,53502,44,M,Professional,1,Premium,71288,7293
288,2021-11-28,Life,Major,20413,32,F,Unemployed,0,Premium,52291,1840
289,2023-10-14,Home,Major,24234,49,F,Blue-collar,4,Premium,91502,2036
290,2010-06-21,Auto,Catastrophic,62404,65,F,Unemployed,4,Standard,24542,8017
291,2015-11-26,Life,Catastrophic,35651,34,M,Unemployed,1,Premium,50941,3311
292,2020-11-16,Home,Major,1355,68,M,Professional,2,Standard,86851,5501
293,2023-11-16,Life,Major,72776,26,M,Blue-collar,2,Premium,10344,2677
294,2023-09-04,Home,Minor,82629,23,M,Blue-collar,1,Premium,15656,2575
295,2012-04-05,Auto,Major,92688,26,M,Unemployed,3,Premium,85106,7640
296,2015-04-22,Auto,Minor,21521,42,F,Professional,0,Premium,82966,846
297,2018-09-07,Life,Catastrophic,97534,59,M,Blue-collar,4,Premium,85251,8202
298,2010-12-24,Life,Catastrophic,81896,33,F,Unemployed,2,Premium,94212,3293
299,2023-10-12,Auto,Minor,39216,43,M,Blue-collar,2,Premium,38507,7169
300,2017-08-22,Life,Major,59264,29,F,Blue-collar,1,Standard,40818,6728
301,2020-09-15,Life,Catastrophic,33506,35,M,Blue-collar,1,Premium,49876,5280
302,2018-04-20,Life,Minor,55670,24,F,Blue-collar,0,Standard,64697,1056
303,2017-09-23,Auto,Catastrophic,93918,45,F,Unemployed,0,Premium,55060,8592
304,2010-09-28,Auto,Catastrophic,73292,45,M,Professional,2,Premium,71472,5095
305,2010-09-05,Home,Catastrophic,13098,40,M,Blue-collar,5,Standard,90160,1540
306,2010-02-13,Home,Catastrophic,14526,33,F,Unemployed,4,Premium,93614,3487
307,2011-12-13,Home,Catastrophic,32999,38,M,Unemployed,3,Standard,28571,995
308,2023-12-14,Auto,Major,61360,60,F,Professional,1,Premium,10890,8176
309,2019-07-15,Life,Minor,94816,23,M,Unemployed,0,Premium,85472,4956
310,2016-09-11,Life,Minor,19776,46,M,Unemployed,5,Standard,10773,4148
311,2022-11-23,Home,Minor,31483,50,F,Unemployed,2,Premium,57593,3202
312,2022-05-21,Auto,Major,75025,50,F,Professional,3,Standard,50265,3018
313,2019-05-08,Life,Major,51965,37,M,Professional,1,Premium,78595,8081
314,2013-10-26,Home,Major,42943,47,F,Unemployed,3,Standard,84947,7415
315,2021-07-17,Auto,Minor,48094,40,F,Professional,4,Standard,92879,6040
316,2022-03-11,Life,Major,95158,46,F,Unemployed,0,Standard,60554,6557
317,2020-05-14,Home,Catastrophic,21209,34,F,Unemployed,4,Premium,88449,3605
318,2010-02-16,Auto,Minor,11726,22,F,Blue-collar,4,Standard,22999,7049
319,2011-04-23,Home,Catastrophic,13827,63,F,Blue-collar,2,Standard,82990,6133
320,2010-04-23,Life,Minor,86367,49,M,Professional,4,Standard,40836,451
321,2022-08-18,Auto,Major,71967,39,F,Blue-collar,2,Premium,17022,4129
322,2021-06-12,Home,Catastrophic,75445,23,F,Professional,3,Standard,26793,5620
323,2013-10-28,Auto,Minor,15972,31,F,Unemployed,2,Standard,10407,749
324,2022-02-03,Auto,Minor,87676,42,M,Unemployed,3,Standard,72495,9486
325,2019-04-20,Life,Catastrophic,32482,38,F,Unemployed,5,Standard,82933,5038
326,2012-01-07,Auto,Minor,75475,67,F,Unemployed,1,Standard,37720,8333
327,2015-03-19,Auto,Major,24675,39,M,Professional,5,Standard,92757,7864
328,2013-09-13,Life,Minor,11899,34,F,Unemployed,0,Standard,80835,6896
329,2023-04-17,Life,Major,16827,33,F,Professional,0,Premium,43938,4563
330,2014-10-24,Home,Minor,88522,55,F,Professional,4,Premium,72639,8282
331,2020-06-27,Life,Catastrophic,66964,56,F,Professional,1,Standard,93018,9641
332,2014-01-03,Life,Catastrophic,13670,64,M,Blue-collar,3,Premium,30832,5835
333,2011-06-11,Auto,Minor,7024,19,F,Blue-collar,2,Premium,86719,1984
334,2011-12-06,Auto,Catastrophic,22699,34,M,Professional,0,Standard,34969,2144
335,2016-10-02,Home,Catastrophic,27710,69,M,Blue-collar,2,Standard,91511,1052
336,2013-09-19,Auto,Minor,44964,26,F,Blue-collar,3,Premium,75235,3593
337,2012-01-13,Life,Major,73613,53,M,Professional,2,Standard,36263,7181
338,2018-07-25,Life,Catastrophic,48885,56,M,Unemployed,5,Standard,38581,2686
339,2014-03-28,Auto,Major,46099,42,M,Unemployed,2,Standard,78369,5612
340,2011-03-19,Auto,Catastrophic,78177,37,F,Professional,0,Standard,10782,6081
341,2023-07-02,Life,Major,66679,30,M,Blue-collar,1,Premium,60382,9465
342,2019-06-16,Home,Major,64071,18,M,Blue-collar,5,Standard,51579,3486
343,2023-03-24,Auto,Minor,99265,52,M,Professional,0,Premium,66582,1278
344,2023-10-25,Home,Major,55269,43,F,Blue-collar,0,Premium,32295,1411
345,2013-10-20,Home,Catastrophic,35625,22,M,Unemployed,3,Standard,31857,8443
346,2010-11-03,Auto,Catastrophic,90544,40,M,Blue-collar,2,Premium,90389,3279
347,2016-02-02,Home,Minor,36094,23,M,Blue-collar,4,Premium,66339,1586
348,2023-03-03,Auto,Minor,54528,34,M,Unemployed,2,Standard,77946,6632
349,2012-11-07,Auto,Catastrophic,27151,26,M,Blue-collar,0,Standard,64615,3711
350,2018-11-12,Auto,Major,14517,24,F,Professional,2,Premium,90931,6067
351,2012-08-20,Home,Minor,87353,23,M,Professional,2,Premium,20138,1669
352,2014-02-20,Life,Catastrophic,24503,31,F,Unemployed,2,Premium,31283,689
353,2020-07-23,Life,Minor,19393,33,F,Unemployed,5,Standard,57706,1220
354,2015-03-13,Auto,Minor,69270,45,F,Blue-collar,4,Premium,25292,8665
355,2018-07-11,Home,Major,34826,65,M,Blue-collar,5,Standard,70846,1047
356,2011-12-28,Home,Major,73541,70,F,Unemployed,2,Standard,92337,3528
357,2010-11-16,Home,Catastrophic,60932,22,F,Unemployed,1,Standard,89937,8190
358,2020-10-08,Home,Minor,80751,47,M,Unemployed,0,Premium,14437,2459
359,2022-05-13,Life,Minor,81166,49,M,Professional,3,Standard,86031,408
360,2010-01-03,Auto,Major,90970,68,M,Blue-collar,3,Standard,44729,1311
361,2016-06-13,Home,Minor,44829,65,F,Unemployed,2,Premium,32890,4117
362,2017-10-13,Auto,Catastrophic,65122,26,F,Blue-collar,4,Standard,19361,7641
363,2022-09-18,Life,Catastrophic,8789,38,F,Unemployed,1,Standard,42464,4121
364,2010-08-05,Auto,Catastrophic,67831,56,M,Professional,0,Premium,57747,3337
365,2019-05-09,Life,Major,69290,67,F,Blue-collar,0,Premium,17442,2171
366,2013-11-07,Auto,Minor,62290,37,F,Blue-collar,0,Standard,91887,6084
367,2019-06-05,Life,Catastrophic,78610,29,F,Blue-collar,2,Standard,58034,5123
368,2013-12-23,Life,Minor,63609,33,M,Unemployed,4,Premium,11712,2883
369,2018-10-02,Life,Major,12160,64,M,Professional,5,Standard,97955,543
370,2015-09-09,Life,Catastrophic,11246,27,M,Unemployed,1,Premium,50907,332
371,2014-01-02,Home,Minor,48877,54,M,Professional,4,Premium,66727,5099
372,2020-04-14,Auto,Minor,93648,57,F,Blue-collar,5,Standard,13603,1785
373,2022-04-18,Life,Minor,19119,34,F,Unemployed,0,Premium,75090,1623
374,2010-10-07,Auto,Major,38146,27,F,Blue-collar,3,Standard,44216,5022
375,2011-09-01,Auto,Major,24686,48,M,Unemployed,5,Standard,73091,3416
376,2015-11-18,Home,Catastrophic,50295,65,F,Unemployed,2,Premium,92882,8671
377,2023-11-02,Auto,Catastrophic,35987,58,M,Professional,2,Premium,60787,9073
378,2017-12-28,Auto,Catastrophic,3188,30,M,Blue-collar,5,Standard,51267,7362
379,2022-07-06,Home,Minor,30893,38,M,Unemployed,0,Standard,50408,3014
380,2019-03-21,Home,Catastrophic,91208,65,F,Blue-collar,0,Premium,77022,7050
381,2015-05-02,Life,Catastrophic,26535,18,M,Unemployed,5,Standard,63691,6576
382,2017-02-17,Home,Minor,1634,21,M,Unemployed,3,Premium,51632,5752
383,2021-10-06,Home,Catastrophic,25797,35,M,Professional,0,Premium,72554,5406
384,2010-02-21,Home,Minor,64207,37,F,Blue-collar,5,Standard,10593,8050
385,2023-12-18,Home,Major,72941,47,M,Unemployed,4,Premium,32812,5405
386,2016-07-28,Auto,Minor,83347,26,M,Professional,2,Premium,59933,204
387,2020-08-14,Auto,Major,84270,32,F,Unemployed,0,Standard,85346,4564
388,2015-10-27,Home,Minor,83915,70,M,Professional,4,Premium,18906,4628
389,2021-04-01,Home,Major,3040,39,F,Professional,1,Premium,60857,7056
390,2013-10-22,Auto,Major,83752,40,F,Professional,0,Standard,85054,2882
391,2023-07-23,Life,Catastrophic,10021,52,F,Blue-collar,1,Standard,59233,1571
392,2010-04-02,Life,Minor,40441,38,F,Unemployed,0,Premium,85894,2893
393,2020-12-01,Home,Minor,94101,19,F,Professional,2,Standard,17362,1032
394,2018-09-05,Life,Minor,19990,49,F,Unemployed,3,Premium,28573,5906
395,2020-07-27,Home,Catastrophic,2733,35,F,Unemployed,3,Standard,93627,4905
396,2015-02-18,Auto,Major,55583,65,F,Blue-collar,0,Premium,84143,4386
397,2011-10-20,Auto,Major,68809,38,F,Blue-collar,2,Premium,37531,6514
398,2014-01-12,Auto,Major,5506,42,M,Blue-collar,4,Premium,94777,2041
399,2014-02-01,Auto,Minor,67943,22,F,Blue-collar,5,Premium,64183,2125
400,2021-04-15,Home,Catastrophic,70947,66,M,Professional,3,Standard,52797,1818
401,2023-05-26,Auto,Major,96409,67,M,Professional,3,Premium,63448,9587
402,2021-03-14,Home,Catastrophic,65289,57,F,Blue-collar,1,Standard,16004,9737
403,2015-02-06,Home,Major,55565,24,M,Professional,1,Standard,49478,1697
404,2018-05-16,Auto,Minor,45184,42,F,Unemployed,1,Standard,75284,2976
405,2022-05-22,Home,Minor,29838,32,F,Blue-collar,4,Premium,93214,7464
406,2014-03-03,Life,Catastrophic,28260,65,F,Unemployed,2,Standard,76448,3689
407,2011-09-23,Life,Catastrophic,11609,64,M,Professional,4,Standard,26399,3824
408,2023-03-05,Life,Major,45056,36,M,Professional,4,Premium,76139,453
409,2015-12-05,Life,Catastrophic,46694,23,M,Unemployed,0,Premium,30763,4811
410,2016-02-28,Life,Catastrophic,49159,47,M,Unemployed,2,Standard,83696,8441
411,2018-10-10,Home,Minor,92685,44,M,Blue-collar,0,Premium,70420,487
412,2017-07-26,Life,Catastrophic,90880,25,F,Professional,1,Premium,47583,3862
413,2020-02-24,Auto,Major,23393,31,F,Blue-collar,5,Premium,70540,6399
414,2022-11-11,Home,Catastrophic,16638,27,M,Unemployed,2,Standard,75274,5327
415,2015-02-19,Home,Minor,88238,57,M,Professional,2,Premium,38684,1599
416,2014-10-04,Home,Catastrophic,22379,30,F,Unemployed,0,Premium,84058,6155
417,2015-05-16,Home,Major,79447,35,F,Unemployed,5,Standard,57800,3232
418,2018-08-07,Auto,Catastrophic,45458,23,M,Professional,2,Standard,57746,2668
419,2016-05-28,Life,Minor,20883,43,M,Blue-collar,1,Premium,34451,6161
420,2022-09-06,Home,Catastrophic,67126,50,F,Unemployed,2,Premium,71854,7742
421,2014-02-28,Home,Catastrophic,56390,30,F,Blue-collar,1,Premium,54205,2881
422,2013-08-25,Home,Catastrophic,2239,62,F,Unemployed,1,Standard,29536,5407
423,2013-12-18,Auto,Minor,16399,54,M,Unemployed,3,Standard,56281,4767
424,2017-05-13,Life,Catastrophic,88638,22,F,Unemployed,4,Premium,49083,4688
425,2017-07-06,Auto,Major,56005,28,F,Blue-collar,3,Premium,89291,607
426,2015-02-10,Home,Major,19751,21,M,Blue-collar,2,Standard,11033,4795
427,2018-07-26,Home,Major,61779,66,F,Unemployed,4,Standard,59057,7092
428,2019-06-15,Home,Catastrophic,37923,37,F,Professional,3,Standard,18197,436
429,2019-03-20,Life,Catastrophic,9486,68,F,Blue-collar,2,Premium,41288,5332
430,2018-03-03,Home,Major,47757,56,M,Professional,3,Premium,62932,6059
431,2021-06-09,Life,Minor,51163,26,F,Unemployed,2,Premium,99935,1318
432,2023-07-04,Life,Catastrophic,26239,44,F,Blue-collar,3,Premium,25894,9508
433,2018-02-13,Life,Catastrophic,23715,28,F,Unemployed,2,Standard,36825,5685
434,2011-05-06,Life,Major,40295,39,M,Blue-collar,3,Premium,91807,5038
435,2010-04-28,Home,Minor,20877,54,M,Professional,4,Premium,16601,5752
436,2018-05-07,Home,Major,81500,37,F,Professional,5,Standard,82154,5721
437,2022-08-21,Life,Minor,80726,28,F,Blue-collar,2,Standard,84647,7882
438,2020-03-08,Home,Catastrophic,23109,62,F,Professional,1,Standard,20396,7892
439,2014-03-17,Life,Major,61349,57,M,Blue-collar,3,Premium,96174,5401
440,2020-01-13,Home,Major,3395,24,M,Professional,1,Premium,97149,9555
441,2010-10-06,Life,Catastrophic,62283,31,M,Blue-collar,0,Standard,49477,2604
442,2016-08-09,Home,Minor,84300,54,F,Blue-collar,3,Standard,66740,5905
443,2010-07-23,Home,Minor,19878,56,M,Unemployed,4,Standard,67814,3930
444,2010-04-10,Life,Major,37398,68,F,Unemployed,5,Premium,88894,3739
445,2014-11-08,Life,Minor,12188,53,F,Professional,3,Standard,54938,7136
446,2017-08-15,Life,Minor,72884,46,M,Unemployed,3,Premium,56828,723
447,2021-01-16,Auto,Major,94660,45,F,Professional,5,Premium,69193,979
448,2011-05-21,Home,Catastrophic,43371,51,M,Blue-collar,1,Premium,75717,8325
449,2021-05-08,Life,Minor,82063,26,M,Professional,3,Premium,83477,2543
450,2016-04-07,Auto,Minor,13690,19,M,Professional,3,Premium,43509,8524
451,2015-03-06,Auto,Minor,48046,27,M,Professional,3,Premium,64943,1175
452,2015-06-27,Auto,Minor,73824,23,M,Unemployed,1,Premium,56710,56
453,2013-11-26,Home,Major,81819,33,F,Blue-collar,1,Premium,86026,7328
454,2022-04-01,Home,Catastrophic,58529,54,M,Unemployed,2,Standard,97655,5579
455,2018-08-21,Auto,Major,67549,54,F,Unemployed,2,Premium,82803,8038
456,2020-09-11,Life,Major,52519,58,M,Unemployed,1,Standard,60192,2856
457,2022-08-06,Life,Catastrophic,94839,39,M,Blue-collar,5,Premium,45573,2704
458,2016-07-11,Life,Major,59038,38,F,Unemployed,5,Premium,27124,4231
459,2021-08-26,Home,Minor,82495,69,M,Blue-collar,1,Premium,53752,6511
460,2023-08-22,Life,Major,50393,21,M,Professional,1,Standard,86783,7483
461,2015-03-08,Home,Major,51370,63,M,Unemployed,0,Premium,65765,2126
462,2018-04-13,Auto,Major,20744,35,F,Unemployed,4,Standard,22857,6693
463,2020-09-04,Home,Minor,73280,53,F,Professional,1,Standard,36203,2233
464,2017-10-16,Home,Minor,73777,60,M,Blue-collar,0,Standard,79719,5138
465,2015-05-04,Life,Catastrophic,32461,48,M,Professional,1,Standard,47740,4256
466,2013-02-01,Home,Major,26057,34,F,Blue-collar,1,Standard,41881,318
467,2011-03-24,Life,Major,1659,62,F,Unemployed,1,Premium,45806,6063
468,2017-08-15,Life,Major,79474,46,M,Professional,1,Standard,37367,7393
469,2012-03-11,Auto,Major,89980,20,M,Professional,1,Standard,84510,2477
470,2018-11-24,Home,Minor,43727,44,M,Professional,2,Premium,91230,5516
471,2015-06-16,Life,Catastrophic,86274,59,F,Professional,4,Standard,32487,3893
472,2012-11-07,Auto,Minor,40795,57,M,Professional,4,Premium,36575,7043
473,2019-08-17,Home,Minor,36468,41,M,Professional,2,Standard,37427,7941
474,2011-10-14,Home,Minor,78248,49,M,Blue-collar,2,Premium,10045,8278
475,2016-06-05,Auto,Minor,74306,37,M,Professional,2,Premium,27955,6150
476,2017-08-28,Life,Minor,64713,63,F,Professional,1,Standard,13366,1698
477,2021-10-28,Home,Minor,97742,67,M,Professional,5,Premium,25422,4336
478,2017-12-05,Auto,Major,15632,32,F,Blue-collar,5,Premium,49041,3568
479,2021-10-15,Home,Major,78306,64,F,Blue-collar,2,Standard,25782,9029
480,2020-05-28,Life,Major,52599,26,F,Blue-collar,5,Premium,84545,4009
481,2019-04-03,Life,Minor,39210,68,M,Blue-collar,1,Standard,25832,8050
482,2016-11-18,Home,Minor,30810,52,F,Blue-collar,0,Standard,29871,77
483,2021-02-01,Auto,Major,66848,25,F,Blue-collar,4,Standard,43709,4997
484,2014-09-12,Home,Major,90939,33,F,Professional,3,Standard,49001,3212
485,2019-12-09,Life,Minor,2724,18,M,Blue-collar,2,Premium,29721,2987
486,2012-02-12,Home,Catastrophic,24646,18,M,Unemployed,4,Premium,64505,6182
487,2022-09-24,Home,Catastrophic,24367,45,F,Unemployed,1,Standard,21004,1425
488,2018-10-06,Life,Catastrophic,83039,68,M,Professional,1,Premium,58296,397
489,2022-11-01,Home,Catastrophic,1782,30,M,Unemployed,3,Standard,33752,1515
490,2021-05-16,Auto,Major,64928,51,F,Blue-collar,2,Premium,70063,3451
491,2019-06-01,Life,Catastrophic,58147,44,F,Blue-collar,4,Premium,59608,5013
492,2015-05-16,Auto,Major,97495,54,F,Blue-collar,4,Premium,70518,5729
493,2010-02-05,Auto,Major,2010,61,F,Professional,2,Premium,13297,9076
494,2020-10-25,Home,Minor,40201,42,M,Professional,5,Standard,24193,2712
495,2022-04-24,Auto,Catastrophic,24108,59,M,Professional,2,Standard,28872,6077
496,2022-07-27,Home,Major,62983,44,M,Blue-collar,0,Premium,59481,4623
497,2023-09-03,Auto,Major,16774,34,M,Unemployed,0,Premium,94408,3469
498,2018-07-02,Home,Minor,14501,30,F,Professional,5,Standard,38605,2376
499,2019-06-09,Home,Minor,65253,20,F,Unemployed,1,Premium,55543,1804
500,2010-09-25,Auto,Major,3001,49,M,Unemployed,0,Standard,66380,9731
501,2012-05-25,Life,Minor,83027,61,M,Professional,5,Premium,85547,5025
502,2013-01-16,Home,Major,85114,70,F,Unemployed,0,Premium,35271,6837
503,2012-03-19,Auto,Minor,19198,66,F,Professional,1,Standard,60519,9334
504,2013-12-18,Auto,Minor,70816,47,F,Unemployed,1,Premium,81198,7369
505,2018-02-18,Auto,Minor,19619,33,F,Professional,3,Standard,19436,8316
506,2017-04-10,Home,Catastrophic,73824,61,F,Professional,1,Premium,40601,3077
507,2011-02-24,Auto,Minor,4024,21,F,Blue-collar,5,Standard,13782,7865
508,2017-06-26,Auto,Major,36137,36,M,Blue-collar,5,Standard,37003,5363
509,2020-10-02,Life,Minor,88526,27,M,Professional,1,Standard,79446,5451
510,2018-12-22,Home,Minor,45255,22,M,Blue-collar,5,Standard,71104,7936
511,2019-11-21,Auto,Minor,43165,35,M,Professional,5,Premium,39143,6048
512,2015-01-05,Home,Major,74211,51,M,Unemployed,2,Standard,46703,9610
513,2021-04-19,Auto,Minor,9386,54,F,Professional,5,Standard,26286,8937
514,2016-06-13,Home,Major,38673,67,F,Professional,5,Standard,97347,4146
515,2017-12-22,Home,Catastrophic,57118,52,M,Unemployed,1,Premium,46453,9831
516,2017-11-27,Home,Major,76241,48,F,Blue-collar,2,Premium,92462,5149
517,2021-12-19,Home,Major,63816,31,M,Unemployed,4,Standard,15038,7359
518,2012-11-28,Home,Catastrophic,53102,30,F,Professional,4,Premium,72227,1215
519,2013-02-17,Home,Minor,70704,42,M,Professional,5,Premium,58274,8454
520,2021-11-04,Life,Major,36259,64,F,Professional,2,Premium,66674,5228
521,2019-07-18,Home,Minor,3438,25,F,Professional,5,Standard,50545,314
522,2021-05-21,Life,Major,28629,37,F,Blue-collar,4,Standard,41497,3622
523,2012-12-16,Life,Minor,22702,26,F,Blue-collar,1,Standard,69944,9923
524,2014-03-18,Home,Major,53955,29,M,Blue-collar,5,Standard,30230,6122
525,2014-02-02,Life,Catastrophic,39943,57,M,Professional,2,Premium,16888,4096
526,2022-11-14,Auto,Catastrophic,38115,63,M,Blue-collar,3,Premium,65305,1971
527,2011-06-09,Life,Major,44460,32,F,Professional,2,Premium,94946,9962
528,2013-07-14,Home,Major,97121,33,F,Unemployed,0,Standard,19003,4345
529,2012-07-16,Auto,Catastrophic,61491,34,M,Professional,3,Premium,12456,3717
530,2021-01-01,Home,Major,80141,36,M,Professional,4,Premium,66947,560
531,2022-08-23,Auto,Minor,45335,27,M,Professional,1,Premium,88003,2030
532,2017-02-13,Auto,Minor,57068,22,M,Professional,4,Premium,16135,3809
533,2012-08-19,Life,Catastrophic,63621,38,F,Blue-collar,3,Premium,58637,1208
534,2021-05-20,Auto,Catastrophic,59344,47,F,Blue-collar,3,Premium,58212,825
535,2016-06-28,Home,Minor,45286,62,F,Unemployed,3,Premium,77616,4854
536,2021-05-20,Auto,Catastrophic,63522,48,F,Unemployed,5,Standard,83167,4810
537,2023-02-21,Life,Major,17212,29,F,Blue-collar,0,Premium,13753,2118
538,2011-10-27,Auto,Minor,4955,37,F,Blue-collar,4,Standard,27043,2042
539,2010-12-02,Home,Catastrophic,5244,46,M,Unemployed,1,Standard,16701,5144
540,2013-02-21,Auto,Minor,80884,47,F,Unemployed,3,Premium,71210,7461
541,2015-01-24,Home,Major,38689,42,F,Professional,5,Standard,10108,7692
542,2015-08-17,Home,Major,70793,34,F,Professional,3,Premium,47409,6112
543,2015-06-16,Auto,Major,63918,49,F,Professional,5,Premium,33494,5014
544,2014-03-01,Life,Catastrophic,69048,59,F,Professional,2,Standard,40319,9330
545,2011-07-02,Life,Minor,60466,29,F,Unemployed,4,Standard,55040,5214
546,2021-07-27,Auto,Major,30321,47,F,Blue-collar,3,Premium,59614,623
547,2022-05-11,Home,Major,31511,63,M,Blue-collar,2,Premium,20061,5134
548,2012-09-10,Home,Minor,41707,69,F,Blue-collar,3,Premium,13087,9916
549,2010-11-16,Auto,Major,40794,48,M,Professional,2,Standard,22136,1985
550,2021-06-01,Auto,Minor,45337,47,M,Blue-collar,2,Standard,71101,5576
551,2020-01-07,Auto,Minor,59919,18,M,Blue-collar,3,Standard,89567,9149
552,2021-08-04,Home,Minor,77294,33,M,Blue-collar,1,Premium,24039,907
553,2010-05-24,Auto,Major,94291,63,M,Blue-collar,2,Premium,96767,9757
554,2020-06-27,Home,Minor,49647,53,F,Unemployed,3,Premium,45666,72
555,2012-11-04,Life,Catastrophic,7339,40,F,Professional,1,Standard,16254,2835
556,2020-02-07,Home,Major,71447,22,M,Blue-collar,4,Standard,58538,7796
557,2021-06-11,Auto,Major,74110,49,M,Professional,0,Standard,95310,5923
558,2022-02-27,Life,Catastrophic,7161,49,F,Professional,0,Premium,75387,9517
559,2023-04-08,Life,Catastrophic,78622,58,M,Unemployed,4,Standard,44397,6175
560,2018-01-16,Auto,Minor,70000,48,M,Blue-collar,4,Standard,67673,745
561,2019-10-21,Home,Minor,35338,60,M,Unemployed,5,Premium,44138,9145
562,2011-01-11,Auto,Major,84918,43,F,Professional,5,Standard,33653,1453
563,2013-02-23,Life,Major,12104,31,M,Blue-collar,2,Premium,34929,3699
564,2019-10-06,Life,Minor,45699,52,F,Blue-collar,2,Premium,66865,8739
565,2012-01-01,Auto,Major,70463,56,F,Unemployed,3,Standard,69665,4531
566,2014-07-01,Home,Major,78194,50,F,Professional,0,Premium,80991,2638
567,2015-11-24,Life,Catastrophic,8728,53,M,Professional,0,Standard,44530,6221
568,2022-09-15,Home,Major,59862,24,M,Blue-collar,1,Premium,31813,9938
569,2017-05-05,Life,Catastrophic,66569,55,M,Professional,3,Premium,53254,8309
570,2023-04-22,Life,Catastrophic,28042,69,F,Blue-collar,3,Premium,80103,4559
571,2020-02-19,Auto,Minor,33720,62,M,Professional,0,Premium,61374,8494
572,2017-06-04,Life,Catastrophic,7259,43,M,Unemployed,2,Premium,97525,7894
573,2015-05-15,Life,Major,16148,32,F,Unemployed,4,Premium,36696,6539
574,2020-01-06,Life,Major,39493,34,M,Professional,3,Premium,18405,4801
575,2014-01-08,Home,Catastrophic,33099,30,M,Professional,0,Premium,41423,7734
576,2010-08-04,Auto,Major,77047,29,M,Professional,3,Standard,47048,2330
577,2021-09-26,Auto,Catastrophic,80325,23,F,Professional,1,Standard,53593,8927
578,2014-04-03,Home,Major,64474,64,M,Blue-collar,1,Premium,95053,3501
579,2010-09-18,Auto,Major,11801,34,F,Unemployed,3,Premium,45534,3442
580,2014-05-16,Home,Catastrophic,61587,67,F,Unemployed,2,Standard,72106,9070
581,2016-04-24,Home,Minor,97386,53,M,Blue-collar,2,Premium,77104,2143
582,2012-03-12,Home,Major,42863,18,F,Professional,5,Premium,86465,2163
583,2015-04-13,Life,Major,94231,18,F,Blue-collar,4,Premium,93811,7947
584,2015-07-21,Home,Catastrophic,30652,39,F,Blue-collar,5,Standard,31333,8807
585,2022-11-19,Life,Catastrophic,81103,32,M,Blue-collar,4,Premium,28730,7335
586,2010-07-20,Life,Minor,79461,51,F,Unemployed,2,Standard,16316,8076
587,2019-03-20,Home,Major,64514,20,F,Unemployed,5,Standard,52862,5274
588,2019-04-25,Life,Catastrophic,24669,60,F,Professional,3,Premium,29624,3064
589,2010-11-01,Auto,Catastrophic,6384,62,M,Professional,5,Premium,82478,4951
590,2018-05-01,Life,Minor,94409,44,F,Blue-collar,0,Standard,73048,2515
591,2023-12-03,Auto,Minor,78541,51,M,Blue-collar,5,Premium,58821,5269
592,2020-08-07,Auto,Catastrophic,31678,25,M,Professional,0,Premium,69011,9814
593,2019-02-25,Home,Catastrophic,62892,36,M,Professional,3,Standard,36772,880
594,2022-02-02,Home,Major,84282,52,M,Blue-collar,5,Standard,65647,8712
595,2023-05-04,Auto,Minor,29421,20,F,Professional,3,Standard,57589,3379
596,2022-10-22,Life,Catastrophic,96680,67,M,Blue-collar,3,Premium,71107,9991
597,2019-10-11,Life,Minor,86367,59,F,Professional,0,Standard,81523,341
598,2021-12-19,Life,Minor,86078,69,M,Professional,1,Standard,36277,3230
599,2016-03-07,Life,Major,51605,57,M,Blue-collar,4,Premium,29867,9625
600,2020-06-02,Home,Major,76774,47,F,Professional,5,Standard,87073,1994
601,2010-08-14,Auto,Catastrophic,94405,37,M,Professional,4,Standard,60146,4250
602,2015-10-26,Life,Major,93487,62,M,Professional,4,Standard,73564,2280
603,2017-05-24,Life,Minor,86034,32,M,Professional,1,Standard,96741,7868
604,2012-12-21,Life,Minor,62244,54,F,Blue-collar,0,Premium,42311,2875
605,2021-06-15,Auto,Minor,66639,22,M,Professional,4,Standard,38923,6356
606,2022-04-17,Life,Major,99157,52,M,Unemployed,1,Premium,98035,3261
607,2018-01-07,Auto,Major,87634,67,M,Blue-collar,1,Premium,17198,9619
608,2016-04-14,Home,Catastrophic,70585,19,M,Unemployed,1,Standard,19708,8741
609,2019-07-16,Life,Catastrophic,49941,55,F,Professional,0,Standard,50427,3107
610,2010-05-01,Home,Minor,88090,55,F,Professional,2,Premium,20043,5362
611,2010-03-01,Life,Minor,83665,19,M,Blue-collar,5,Premium,17865,8454
612,2012-12-01,Life,Catastrophic,31905,30,F,Blue-collar,2,Premium,93385,9760
613,2023-03-09,Home,Catastrophic,38489,40,M,Professional,2,Premium,57997,6852
614,2019-11-08,Auto,Minor,12591,46,M,Unemployed,3,Standard,98871,1719
615,2017-03-02,Life,Catastrophic,28911,42,M,Professional,0,Standard,34713,6047
616,2017-04-12,Home,Major,43605,45,M,Unemployed,3,Standard,42252,2847
617,2017-02-16,Life,Major,14176,20,M,Blue-collar,3,Standard,23858,2038
618,2015-01-18,Home,Catastrophic,40230,20,M,Professional,3,Premium,18109,2991
619,2013-09-17,Home,Minor,25495,26,F,Unemployed,1,Standard,92089,2482
620,2010-08-09,Auto,Major,45959,63,F,Blue-collar,4,Standard,73853,9029
621,2019-01-14,Life,Catastrophic,71559,53,F,Unemployed,0,Standard,86802,6101
622,2022-05-13,Life,Major,19384,62,F,Professional,2,Standard,49284,3256
623,2023-02-24,Life,Minor,98430,69,F,Blue-collar,4,Premium,98659,7293
624,2014-01-26,Auto,Minor,97611,64,M,Professional,4,Premium,77129,9766
625,2022-05-02,Auto,Minor,69906,58,F,Blue-collar,3,Standard,50037,4869
626,2010-11-22,Life,Minor,8562,51,F,Unemployed,5,Standard,66506,3598
627,2012-08-27,Home,Minor,97951,54,F,Professional,1,Premium,94598,4571
628,2023-07-15,Auto,Catastrophic,98996,53,F,Unemployed,3,Premium,97598,2026
629,2012-04-27,Auto,Minor,97742,47,F,Professional,1,Premium,27217,2766
630,2018-09-11,Auto,Major,73046,46,F,Professional,2,Premium,23158,3582
631,2015-06-09,Life,Catastrophic,93710,21,F,Professional,3,Standard,15055,299
632,2010-08-09,Auto,Major,37947,24,M,Professional,5,Premium,61212,3830
633,2021-08-03,Auto,Major,48185,20,F,Unemployed,1,Premium,75153,5414
634,2022-06-02,Life,Major,47121,68,F,Professional,3,Premium,16878,8887
635,2018-01-11,Home,Catastrophic,82560,21,F,Blue-collar,4,Premium,78946,3758
636,2020-07-11,Auto,Catastrophic,20871,61,F,Unemployed,2,Premium,97945,8963
637,2021-04-24,Auto,Catastrophic,59976,44,M,Unemployed,0,Standard,41822,4493
638,2019-06-01,Home,Minor,79260,33,M,Professional,5,Premium,68941,3457
639,2010-09-19,Auto,Catastrophic,90807,46,F,Professional,4,Premium,80794,3543
640,2023-05-01,Home,Major,8918,33,F,Professional,1,Premium,86522,7015
641,2018-11-02,Life,Catastrophic,20431,55,F,Unemployed,3,Premium,16591,8729
642,2017-11-13,Life,Major,79083,27,M,Professional,1,Standard,23850,5428
643,2022-10-20,Home,Minor,18905,37,M,Professional,2,Premium,89012,7200
644,2017-08-27,Life,Minor,18090,29,F,Unemployed,1,Premium,45125,4672
645,2020-12-15,Home,Major,76761,62,F,Unemployed,3,Standard,77453,8597
646,2014-06-21,Home,Minor,5537,56,F,Blue-collar,3,Premium,68691,8796
647,2021-01-05,Life,Minor,3274,26,F,Blue-collar,3,Standard,99587,9408
648,2018-01-18,Home,Catastrophic,26710,62,M,Professional,1,Premium,55310,782
649,2022-11-24,Life,Major,14189,35,M,Blue-collar,0,Standard,41682,6017
650,2017-09-05,Home,Major,99085,52,M,Professional,4,Premium,49768,5660
651,2015-07-28,Home,Catastrophic,9143,39,M,Unemployed,4,Standard,86189,3703
652,2021-07-12,Auto,Catastrophic,82712,48,M,Professional,5,Standard,24424,5078
653,2016-09-03,Auto,Major,77332,67,M,Unemployed,5,Premium,54215,2481
654,2014-09-27,Auto,Major,78294,48,F,Unemployed,5,Premium,62238,1822
655,2017-07-18,Life,Catastrophic,83679,40,M,Blue-collar,4,Premium,17668,4649
656,2010-02-04,Auto,Minor,97011,23,M,Professional,1,Premium,12368,1427
657,2023-06-23,Auto,Major,88402,56,F,Blue-collar,3,Premium,57385,8073
658,2015-01-22,Home,Minor,84291,49,M,Professional,2,Standard,50504,1609
659,2022-10-14,Home,Major,33528,65,M,Unemployed,1,Standard,84563,8454
660,2010-07-23,Life,Major,61260,50,M,Unemployed,5,Standard,14966,9706
661,2012-04-11,Life,Minor,87548,30,M,Blue-collar,3,Standard,12917,6628
662,2011-04-19,Life,Catastrophic,81748,21,M,Professional,4,Premium,82916,951
663,2010-05-18,Auto,Minor,15868,50,F,Blue-collar,1,Premium,69154,6987
664,2017-12-16,Auto,Catastrophic,47807,40,F,Professional,4,Premium,43077,4680
665,2020-02-23,Auto,Catastrophic,2894,47,F,Blue-collar,2,Standard,23813,1257
666,2022-12-25,Auto,Catastrophic,26072,61,F,Professional,0,Premium,99508,6897
667,2023-06-06,Home,Minor,41881,65,F,Blue-collar,3,Premium,32936,8641
668,2023-04-05,Auto,Minor,17272,33,M,Professional,2,Premium,79692,6170
669,2015-08-22,Home,Major,61807,18,M,Unemployed,5,Premium,16048,6621
670,2017-07-23,Life,Major,39701,33,F,Unemployed,3,Standard,87692,3016
671,2011-08-25,Auto,Major,49905,67,F,Blue-collar,1,Standard,94004,711
672,2016-11-25,Auto,Minor,46439,36,M,Unemployed,2,Standard,21091,2439
673,2013-04-21,Home,Catastrophic,85991,41,F,Blue-collar,5,Premium,47276,6943
674,2018-05-26,Auto,Minor,28134,60,F,Blue-collar,0,Premium,77973,518
675,2013-08-07,Life,Major,47695,39,M,Unemployed,2,Premium,21139,4856
676,2021-03-18,Auto,Catastrophic,5121,33,F,Blue-collar,0,Premium,34488,5239
677,2020-02-12,Life,Catastrophic,7653,37,M,Professional,3,Premium,61973,3186
678,2013-11-02,Home,Major,58415,44,F,Blue-collar,3,Standard,61638,5529
679,2015-08-02,Auto,Catastrophic,63816,28,F,Unemployed,3,Premium,80661,6991
680,2019-08-01,Life,Catastrophic,46499,30,M,Blue-collar,2,Premium,12414,848
681,2020-08-04,Home,Catastrophic,28982,54,F,Unemployed,0,Premium,95720,1908
682,2012-05-03,Auto,Minor,74640,53,F,Unemployed,3,Premium,13917,9263
683,2019-06-13,Auto,Major,43638,46,M,Blue-collar,4,Premium,94666,7076
684,2015-06-16,Life,Major,61208,52,M,Professional,0,Standard,82147,3711
685,2013-04-19,Home,Major,51177,38,M,Unemployed,3,Premium,19765,1503
686,2014-05-03,Life,Major,57105,29,M,Unemployed,3,Standard,36347,3162
687,2015-12-25,Life,Catastrophic,67103,31,F,Unemployed,2,Standard,72760,865
688,2013-07-22,Life,Major,38995,58,F,Blue-collar,5,Standard,94426,8742
689,2021-05-16,Auto,Minor,57719,33,M,Professional,2,Premium,91331,7876
690,2016-04-12,Home,Minor,90286,42,M,Professional,2,Standard,61306,1740
691,2020-08-19,Home,Minor,79203,48,M,Blue-collar,4,Standard,84497,5588
692,2013-06-02,Auto,Major,23871,24,M,Blue-collar,3,Premium,63122,5264
693,2018-04-14,Life,Catastrophic,12752,23,F,Professional,0,Premium,36012,7297
694,2011-05-27,Life,Major,89735,65,M,Unemployed,2,Standard,21931,4272
695,2020-07-19,Life,Minor,42025,61,F,Blue-collar,5,Premium,18693,5614
696,2017-01-23,Life,Catastrophic,60915,60,M,Blue-collar,4,Premium,85796,1688
697,2015-04-19,Life,Major,74542,30,F,Professional,3,Standard,61607,7002
698,2014-03-23,Life,Major,23166,53,F,Unemployed,1,Standard,85039,1535
699,2020-07-23,Auto,Catastrophic,73713,55,M,Blue-collar,1,Premium,57433,5872
700,2010-08-12,Home,Catastrophic,40879,20,F,Blue-collar,3,Premium,65185,6465
701,2011-06-02,Auto,Catastrophic,23249,42,M,Professional,2,Premium,14885,6
702,2016-10-19,Home,Catastrophic,53108,38,F,Blue-collar,2,Premium,41713,7988
703,2019-01-10,Home,Major,57626,42,F,Blue-collar,2,Standard,59334,8421
704,2015-08-16,Life,Major,94663,56,M,Blue-collar,5,Standard,64170,191
705,2016-12-12,Auto,Catastrophic,91614,60,M,Unemployed,4,Standard,81021,7538
706,2013-02-21,Home,Major,10937,43,F,Unemployed,2,Premium,77344,2422
707,2022-03-10,Life,Major,89795,66,F,Blue-collar,0,Premium,34124,9130
708,2013-07-04,Home,Major,78642,18,F,Unemployed,3,Standard,10274,3398
709,2015-03-19,Home,Minor,59217,23,F,Professional,2,Premium,94267,6428
710,2011-12-23,Home,Minor,19080,48,M,Unemployed,4,Premium,74405,8554
711,2012-06-16,Home,Minor,73828,60,F,Professional,3,Standard,13174,2935
712,2013-04-18,Auto,Catastrophic,41274,43,F,Unemployed,0,Standard,27238,7838
713,2011-03-10,Life,Major,17058,51,M,Unemployed,5,Premium,17489,8348
714,2022-09-21,Home,Major,23205,50,F,Blue-collar,1,Standard,85057,1368
715,2017-05-19,Home,Major,58685,70,F,Unemployed,4,Premium,41051,4160
716,2011-03-02,Auto,Catastrophic,93816,69,F,Unemployed,4,Standard,66167,5189
717,2022-07-06,Auto,Major,22780,50,F,Unemployed,3,Standard,99162,9696
718,2011-09-28,Home,Major,66398,48,M,Unemployed,2,Standard,43703,9149
719,2019-06-02,Life,Catastrophic,76326,37,F,Unemployed,4,Standard,76138,284
720,2011-04-07,Life,Catastrophic,53941,43,F,Unemployed,2,Premium,55895,9892
721,2017-06-20,Auto,Major,23976,62,M,Blue-collar,1,Standard,47424,8222
722,2013-06-04,Life,Major,74217,31,M,Unemployed,0,Standard,13763,6068
723,2013-04-17,Life,Minor,38813,57,F,Professional,4,Premium,84192,2626
724,2020-11-28,Life,Catastrophic,64238,20,M,Blue-collar,3,Standard,89020,5032
725,2023-07-07,Life,Major,81746,28,M,Unemployed,1,Standard,95900,158
726,2010-03-09,Auto,Catastrophic,12165,22,F,Blue-collar,5,Premium,37938,7535
727,2023-06-17,Life,Catastrophic,75961,37,F,Professional,1,Standard,50330,3994
728,2015-08-11,Home,Minor,74423,26,M,Professional,1,Standard,89302,2377
729,2019-09-12,Auto,Major,93282,23,F,Unemployed,2,Premium,60886,5420
730,2011-02-22,Auto,Minor,64863,50,F,Unemployed,2,Premium,14000,7063
731,2020-09-11,Home,Major,27619,55,M,Unemployed,0,Standard,28943,94
732,2021-02-23,Home,Catastrophic,11245,30,M,Blue-collar,1,Premium,57968,7351
733,2017-09-02,Home,Major,20622,70,F,Blue-collar,3,Premium,49920,7588
734,2011-12-22,Home,Catastrophic,39940,52,F,Unemployed,3,Standard,96175,1871
735,2020-08-23,Auto,Minor,52375,44,M,Unemployed,5,Standard,23216,8221
736,2015-04-24,Life,Major,19124,29,F,Blue-collar,5,Premium,36505,2425
737,2020-02-27,Life,Major,13390,32,M,Unemployed,1,Premium,68847,5825
738,2020-01-07,Auto,Major,25157,37,M,Blue-collar,0,Standard,89537,4442
739,2021-06-08,Life,Catastrophic,84144,68,M,Professional,5,Standard,60020,931
740,2019-02-01,Auto,Minor,80651,30,F,Blue-collar,0,Premium,38161,9492
741,2010-05-02,Auto,Minor,14610,39,M,Professional,4,Premium,52179,1583
742,2018-01-12,Auto,Catastrophic,5143,29,M,Professional,4,Premium,43182,9517
743,2015-08-28,Life,Catastrophic,31973,20,F,Blue-collar,4,Premium,13667,7338
744,2016-07-24,Auto,Catastrophic,79407,56,M,Blue-collar,2,Premium,95921,4935
745,2021-05-07,Life,Minor,4512,25,M,Unemployed,4,Standard,10752,9361
746,2017-11-21,Home,Catastrophic,89423,53,F,Blue-collar,2,Standard,55927,7074
747,2021-09-19,Home,Major,74981,21,F,Professional,4,Standard,93346,7711
748,2010-05-21,Auto,Minor,70456,69,M,Blue-collar,3,Standard,73202,1177
749,2010-01-20,Auto,Major,33543,29,F,Unemployed,0,Standard,94365,4338
750,2014-08-03,Auto,Major,43347,44,M,Blue-collar,1,Premium,53118,3206
751,2017-11-11,Auto,Major,75512,20,F,Blue-collar,0,Standard,67618,3772
752,2011-09-12,Life,Major,61559,22,F,Professional,5,Premium,40578,527
753,2019-05-21,Home,Catastrophic,99745,66,M,Unemployed,3,Standard,60391,3804
754,2015-06-15,Home,Catastrophic,34361,66,F,Unemployed,0,Premium,32323,2898
755,2013-07-09,Auto,Catastrophic,75365,63,M,Unemployed,3,Standard,58576,5598
756,2017-02-20,Auto,Catastrophic,82848,57,M,Professional,0,Standard,67145,4785
757,2021-08-17,Home,Major,52361,45,M,Unemployed,2,Standard,52402,1575
758,2021-07-28,Life,Catastrophic,8055,66,F,Unemployed,1,Premium,59136,3188
759,2019-10-04,Life,Major,62003,33,F,Professional,5,Standard,64688,7728
760,2013-04-05,Life,Catastrophic,66036,61,M,Blue-collar,0,Premium,78311,4374
761,2015-12-24,Home,Major,74260,22,M,Unemployed,4,Standard,87601,8546
762,2013-11-10,Home,Major,9437,40,F,Professional,0,Standard,72592,5272
763,2015-07-24,Auto,Minor,9708,65,M,Unemployed,1,Premium,56805,7041
764,2013-10-26,Life,Major,43779,61,M,Blue-collar,4,Standard,82997,3279
765,2021-09-25,Home,Catastrophic,33418,69,F,Blue-collar,2,Standard,89653,2665
766,2020-10-02,Auto,Catastrophic,62994,61,F,Unemployed,3,Premium,77441,8250
767,2016-12-28,Home,Major,95903,63,M,Blue-collar,4,Premium,91698,482
768,2017-01-18,Auto,Catastrophic,98707,38,F,Blue-collar,5,Standard,62006,8196
769,2017-10-15,Life,Major,46830,31,M,Professional,3,Standard,29830,2753
770,2021-09-15,Auto,Catastrophic,54972,41,M,Professional,0,Standard,10438,8735
771,2022-10-07,Life,Minor,83904,56,M,Professional,2,Standard,46960,6629
772,2020-04-17,Home,Minor,98680,40,M,Unemployed,1,Standard,89760,2306
773,2012-04-06,Life,Major,40343,25,F,Professional,2,Standard,69808,1550
774,2013-08-28,Home,Catastrophic,58543,30,M,Blue-collar,3,Standard,85722,7595
775,2010-12-15,Life,Minor,42480,30,F,Blue-collar,5,Standard,42326,7845
776,2023-04-03,Life,Minor,9958,43,M,Blue-collar,4,Premium,83925,1076
777,2017-06-04,Life,Minor,64295,70,M,Unemployed,2,Standard,52731,817
778,2011-01-02,Home,Major,28353,37,M,Unemployed,3,Premium,74886,2763
779,2010-03-19,Auto,Major,91501,58,F,Blue-collar,1,Standard,49721,7648
780,2010-09-05,Home,Major,96274,23,M,Blue-collar,2,Premium,81877,770
781,2013-05-25,Life,Major,7037,65,F,Professional,5,Premium,33189,3991
782,2010-02-21,Life,Minor,25089,37,M,Unemployed,3,Premium,59922,6785
783,2013-06-03,Home,Minor,65374,52,F,Unemployed,2,Standard,44962,8770
784,2011-11-24,Home,Minor,74937,65,F,Unemployed,2,Premium,16786,6180
785,2017-06-01,Home,Major,14360,51,F,Blue-collar,2,Premium,49745,3350
786,2023-10-18,Auto,Major,87246,27,F,Professional,3,Standard,42735,2121
787,2022-02-13,Auto,Major,49068,61,F,Professional,4,Premium,15479,973
788,2016-03-11,Life,Major,96912,20,F,Blue-collar,4,Premium,87065,9060
789,2016-08-13,Auto,Catastrophic,6231,21,F,Professional,2,Premium,79810,2857
790,2010-05-01,Auto,Catastrophic,48252,37,M,Blue-collar,4,Premium,31930,3293
791,2022-10-11,Home,Catastrophic,50448,58,M,Unemployed,0,Premium,38000,904
792,2013-07-16,Life,Minor,22168,48,M,Professional,5,Premium,63030,1906
793,2012-08-26,Home,Catastrophic,91199,33,M,Blue-collar,4,Standard,60046,8904
794,2019-03-27,Life,Catastrophic,53556,30,F,Blue-collar,2,Premium,65191,7113
795,2020-05-13,Home,Major,65705,50,F,Professional,4,Premium,53639,7779
796,2023-08-26,Home,Catastrophic,42475,48,M,Blue-collar,0,Standard,30817,5460
797,2016-05-17,Home,Catastrophic,7186,32,M,Blue-collar,2,Standard,21487,5459
798,2011-04-05,Life,Minor,36987,24,M,Professional,2,Premium,44210,7089
799,2013-01-22,Life,Catastrophic,37562,43,M,Blue-collar,2,Premium,92496,1860
800,2014-03-28,Home,Minor,94253,56,M,Unemployed,5,Premium,44463,6196
801,2022-08-09,Auto,Minor,43202,20,F,Blue-collar,2,Premium,72429,5127
802,2011-11-25,Auto,Minor,91511,29,F,Unemployed,1,Premium,46673,4194
803,2014-08-04,Auto,Major,99959,45,M,Professional,3,Standard,65794,8228
804,2011-07-27,Life,Minor,59571,18,M,Professional,2,Premium,42364,8704
805,2014-10-19,Auto,Catastrophic,39308,29,F,Professional,3,Premium,95443,9252
806,2018-05-17,Auto,Catastrophic,75255,69,F,Professional,0,Premium,54064,2506
807,2023-01-21,Home,Catastrophic,94055,70,F,Blue-collar,5,Premium,11276,1094
808,2015-06-26,Home,Major,58831,26,F,Professional,1,Standard,37165,210
809,2016-01-18,Auto,Major,25450,52,F,Blue-collar,0,Premium,20890,3680
810,2020-05-25,Life,Catastrophic,41454,51,M,Unemployed,0,Standard,34467,404
811,2023-04-04,Home,Major,19760,34,M,Unemployed,4,Standard,60731,1301
812,2014-08-05,Life,Minor,14007,53,M,Blue-collar,0,Premium,73194,4601
813,2012-04-01,Home,Major,69716,20,M,Professional,4,Standard,32121,1625
814,2021-07-22,Auto,Major,66744,65,F,Unemployed,4,Standard,84493,615
815,2016-05-11,Life,Catastrophic,24889,27,M,Professional,5,Premium,26822,6185
816,2012-12-07,Auto,Major,13883,66,F,Professional,1,Standard,39737,3316
817,2021-12-11,Home,Catastrophic,9122,67,F,Blue-collar,3,Standard,46705,9683
818,2012-04-18,Home,Catastrophic,17657,51,F,Unemployed,2,Standard,11270,512
819,2012-05-17,Home,Catastrophic,76163,44,F,Unemployed,5,Premium,12910,4887
820,2015-12-07,Life,Catastrophic,55689,54,M,Blue-collar,2,Premium,81125,6204
821,2013-01-28,Auto,Minor,33534,23,F,Professional,2,Premium,58793,7235
822,2017-08-06,Auto,Catastrophic,94632,41,F,Blue-collar,4,Standard,32931,2480
823,2020-09-25,Home,Major,95064,35,F,Blue-collar,2,Standard,47673,1028
824,2014-07-16,Life,Major,12752,59,M,Unemployed,1,Premium,99392,8614
825,2020-11-02,Life,Minor,5980,64,M,Blue-collar,1,Standard,96936,3062
826,2019-02-12,Home,Major,47226,63,M,Blue-collar,0,Premium,26459,5619
827,2011-10-07,Life,Minor,48622,37,F,Unemployed,1,Premium,31093,8226
828,2010-12-11,Home,Major,87128,38,F,Unemployed,1,Premium,43396,5697
829,2018-12-01,Auto,Minor,7609,26,F,Professional,3,Premium,22077,6271
830,2018-10-11,Auto,Major,22090,46,F,Professional,1,Standard,39702,3217
831,2016-09-16,Life,Major,55305,70,M,Unemployed,4,Premium,55509,4866
832,2022-06-18,Life,Major,5849,35,F,Unemployed,3,Premium,25353,159
833,2023-12-27,Life,Major,96414,32,M,Unemployed,2,Premium,66500,7852
834,2014-07-03,Home,Catastrophic,7921,67,F,Unemployed,4,Premium,25077,2201
835,2013-02-20,Auto,Major,89792,49,M,Blue-collar,3,Premium,90256,6644
836,2012-01-03,Home,Minor,78273,53,M,Professional,3,Premium,99997,3755
837,2010-11-11,Auto,Major,66050,50,M,Unemployed,0,Premium,70585,1710
838,2013-01-06,Life,Major,11980,67,F,Unemployed,3,Standard,12303,8026
839,2014-04-17,Home,Major,48709,50,M,Unemployed,3,Premium,62292,9088
840,2017-05-27,Life,Major,36828,68,F,Blue-collar,3,Premium,41867,6310
841,2023-02-15,Life,Major,28355,63,F,Unemployed,4,Standard,64020,5422
842,2019-02-22,Life,Major,18718,47,F,Professional,1,Standard,89631,1502
843,2022-03-10,Auto,Major,2327,19,M,Unemployed,1,Premium,55862,3036
844,2015-12-20,Home,Minor,21839,66,M,Professional,1,Premium,35496,692
845,2023-08-11,Home,Minor,64833,61,M,Professional,3,Standard,30599,5124
846,2022-12-20,Home,Minor,32118,19,M,Professional,5,Standard,66098,8147
847,2020-11-27,Auto,Catastrophic,97406,47,M,Unemployed,5,Standard,63362,9943
848,2016-02-15,Life,Catastrophic,90036,41,M,Blue-collar,5,Premium,22667,1679
849,2016-02-11,Home,Minor,46082,55,F,Professional,2,Standard,94189,6902
850,2020-12-11,Auto,Minor,64260,18,M,Unemployed,1,Standard,55656,5162
851,2018-04-16,Home,Minor,81003,22,F,Professional,2,Premium,89208,44
852,2021-11-25,Life,Minor,98550,63,M,Unemployed,3,Premium,60061,6610
853,2012-01-26,Life,Catastrophic,8821,58,M,Blue-collar,3,Premium,26958,2815
854,2022-06-23,Auto,Catastrophic,34462,67,M,Professional,5,Premium,37760,5509
855,2018-04-15,Auto,Major,25489,33,M,Blue-collar,0,Standard,72376,3194
856,2021-10-12,Life,Catastrophic,96392,35,F,Professional,1,Standard,57271,4077
857,2023-05-22,Auto,Minor,23744,68,F,Blue-collar,1,Premium,34568,7124
858,2018-06-21,Home,Minor,57846,57,M,Professional,4,Premium,45627,6078
859,2017-04-20,Life,Catastrophic,85986,27,M,Professional,4,Standard,16841,3697
860,2016-05-14,Life,Catastrophic,1995,40,F,Blue-collar,2,Premium,27531,5698
861,2022-11-04,Auto,Minor,33620,36,F,Blue-collar,5,Standard,63478,3320
862,2022-04-09,Life,Major,73938,32,F,Blue-collar,3,Standard,69127,6007
863,2020-12-16,Home,Catastrophic,87458,62,F,Blue-collar,2,Standard,61991,2428
864,2010-01-07,Auto,Major,79518,68,M,Blue-collar,3,Standard,96836,1141
865,2019-09-12,Life,Catastrophic,13934,62,M,Blue-collar,4,Standard,59313,6009
866,2020-04-09,Life,Major,89716,52,F,Unemployed,4,Premium,67431,8524
867,2016-01-16,Life,Catastrophic,65371,31,M,Unemployed,4,Standard,89919,4739
868,2021-03-07,Home,Catastrophic,9569,19,F,Blue-collar,2,Premium,59540,5186
869,2019-04-22,Auto,Major,91210,48,M,Unemployed,4,Premium,51296,3276
870,2013-01-06,Life,Catastrophic,70489,62,F,Professional,2,Standard,14911,9143
871,2020-01-10,Life,Minor,93946,29,M,Unemployed,3,Premium,25354,5911
872,2015-10-01,Home,Catastrophic,19154,41,M,Blue-collar,2,Standard,37145,9992
873,2016-01-28,Home,Catastrophic,54273,51,M,Blue-collar,1,Standard,95527,4842
874,2010-12-16,Auto,Catastrophic,92336,50,F,Professional,0,Standard,10975,9943
875,2023-10-07,Auto,Minor,95640,24,M,Unemployed,5,Standard,38036,1414
876,2010-03-02,Auto,Major,12708,43,M,Unemployed,0,Standard,18164,4012
877,2019-11-27,Auto,Catastrophic,26250,36,M,Unemployed,0,Standard,92677,9697
878,2022-09-16,Auto,Minor,95015,59,M,Unemployed,1,Premium,39879,3591
879,2010-05-17,Home,Major,39994,22,F,Unemployed,2,Standard,75823,2078
880,2011-12-24,Auto,Major,33089,35,M,Blue-collar,2,Premium,20351,149
881,2015-10-20,Life,Catastrophic,84462,51,M,Unemployed,1,Standard,86836,8931
882,2015-09-20,Life,Catastrophic,80108,67,F,Professional,5,Standard,43760,5520
883,2013-01-23,Life,Major,40856,24,M,Professional,1,Standard,31502,7953
884,2015-02-13,Home,Minor,26727,59,F,Blue-collar,1,Premium,83074,7990
885,2014-12-06,Home,Catastrophic,63631,47,F,Blue-collar,5,Standard,85982,512
886,2015-01-21,Auto,Catastrophic,67685,23,M,Unemployed,5,Premium,74105,3075
887,2021-02-10,Life,Minor,83139,31,F,Blue-collar,0,Premium,51750,9905
888,2012-08-07,Life,Major,37174,41,F,Unemployed,3,Premium,73563,8265
889,2017-07-06,Life,Minor,36383,33,F,Blue-collar,3,Premium,72956,4070
890,2017-03-05,Auto,Major,66445,35,F,Blue-collar,4,Premium,33230,1160
891,2023-04-17,Home,Catastrophic,70330,36,M,Unemployed,5,Standard,82467,9829
892,2014-05-24,Home,Major,94781,51,M,Blue-collar,3,Standard,81782,7938
893,2011-07-28,Auto,Major,75067,24,M,Professional,4,Standard,92044,7496
894,2020-11-18,Life,Catastrophic,26000,25,F,Unemployed,5,Premium,42237,1884
895,2012-09-16,Auto,Major,84892,54,F,Unemployed,0,Premium,64641,3897
896,2010-01-05,Home,Minor,56128,61,F,Blue-collar,1,Premium,68906,1418
897,2018-11-23,Life,Catastrophic,90444,42,F,Professional,4,Premium,69577,7621
898,2017-03-22,Life,Minor,8643,25,F,Blue-collar,1,Standard,92727,1301
899,2012-11-28,Life,Major,89661,44,M,Blue-collar,0,Premium,11637,5768
900,2016-05-26,Auto,Catastrophic,41728,38,M,Professional,4,Premium,69736,2383
901,2023-02-07,Home,Catastrophic,29440,19,M,Unemployed,1,Standard,44294,6604
902,2012-12-27,Auto,Minor,60507,42,M,Blue-collar,4,Premium,12965,7279
903,2010-04-17,Auto,Minor,94299,46,F,Professional,1,Standard,58553,9766
904,2021-08-03,Auto,Catastrophic,83768,54,F,Blue-collar,5,Premium,53454,5718
905,2012-06-05,Home,Catastrophic,31673,29,M,Professional,4,Premium,37354,1734
906,2013-03-22,Life,Minor,96766,29,M,Professional,4,Premium,68182,4091
907,2017-05-19,Auto,Minor,4372,63,M,Professional,2,Standard,66373,6690
908,2018-03-27,Home,Minor,95744,27,F,Unemployed,1,Standard,33027,33
909,2010-03-17,Life,Major,88269,33,M,Blue-collar,2,Standard,55669,6269
910,2023-11-21,Home,Minor,1024,31,F,Professional,2,Standard,60245,9224
911,2010-04-08,Life,Minor,28355,50,F,Unemployed,2,Standard,69276,7171
912,2017-06-18,Auto,Minor,75034,65,F,Unemployed,4,Premium,75376,7161
913,2015-12-10,Home,Major,51436,50,F,Unemployed,5,Premium,53359,1109
914,2022-02-20,Life,Major,13904,52,F,Blue-collar,0,Premium,85488,2466
915,2022-08-24,Life,Major,5896,46,F,Professional,1,Premium,72774,2482
916,2023-12-20,Life,Major,61846,25,M,Professional,1,Standard,45513,7102
917,2023-09-27,Auto,Minor,4097,27,F,Blue-collar,4,Standard,92074,8942
918,2021-05-01,Auto,Catastrophic,65737,23,M,Unemployed,1,Premium,89749,113
919,2010-10-03,Auto,Major,94038,19,F,Professional,1,Standard,62069,7011
920,2019-03-03,Home,Minor,95851,51,F,Professional,2,Premium,63623,6238
921,2012-02-28,Home,Minor,52761,38,M,Professional,1,Premium,78081,8567
922,2019-03-13,Auto,Minor,9988,48,M,Unemployed,2,Premium,25908,5866
923,2021-05-27,Home,Minor,66009,44,F,Unemployed,3,Premium,16531,7661
924,2016-05-22,Auto,Major,87547,18,M,Blue-collar,5,Premium,22135,3486
925,2023-10-12,Home,Catastrophic,22865,41,F,Unemployed,0,Standard,87487,8485
926,2019-07-02,Life,Catastrophic,27618,58,M,Blue-collar,2,Premium,50670,7872
927,2022-05-28,Home,Catastrophic,6238,33,F,Professional,4,Premium,58543,8330
928,2013-01-16,Auto,Catastrophic,67704,65,M,Blue-collar,2,Premium,81703,6720
929,2018-01-19,Auto,Minor,69514,38,M,Unemployed,4,Premium,90167,1554
930,2015-03-11,Auto,Minor,54315,68,F,Professional,4,Standard,54153,3341
931,2019-09-10,Home,Catastrophic,35768,62,F,Blue-collar,3,Standard,55524,6359
932,2018-01-12,Life,Major,82297,65,F,Professional,5,Premium,71343,1354
933,2017-04-23,Home,Catastrophic,87077,28,M,Professional,1,Premium,13806,2202
934,2019-02-09,Home,Catastrophic,26357,33,F,Unemployed,4,Standard,68272,7265
935,2020-06-17,Home,Major,19807,40,F,Professional,3,Standard,52630,2287
936,2012-08-15,Life,Major,83450,65,M,Blue-collar,4,Premium,54404,6089
937,2018-10-02,Auto,Catastrophic,71008,52,F,Unemployed,0,Standard,63786,7314
938,2015-07-07,Home,Minor,33144,54,F,Blue-collar,2,Premium,80365,2868
939,2016-04-09,Home,Minor,15272,63,F,Professional,4,Premium,85824,41
940,2019-12-01,Auto,Major,64661,35,F,Professional,1,Standard,91470,4479
941,2016-09-17,Life,Catastrophic,12746,70,M,Professional,3,Standard,77910,8987
942,2022-12-07,Home,Major,4169,60,M,Blue-collar,0,Standard,69978,7439
943,2013-04-22,Life,Major,35598,62,M,Blue-collar,1,Premium,92787,9702
944,2020-10-10,Life,Major,71542,53,M,Blue-collar,0,Standard,75847,1904
945,2023-06-27,Life,Minor,5603,64,F,Blue-collar,2,Premium,88338,3161
946,2018-10-01,Life,Catastrophic,56588,69,M,Blue-collar,5,Standard,48079,2365
947,2022-07-08,Home,Major,97904,28,M,Blue-collar,3,Standard,29995,798
948,2017-04-28,Home,Catastrophic,55013,20,F,Unemployed,2,Premium,47757,6537
949,2011-03-15,Auto,Major,14032,59,M,Professional,1,Premium,37493,9214
950,2019-03-15,Life,Major,51491,59,M,Professional,4,Premium,26515,8897
951,2012-05-26,Auto,Major,10173,62,F,Blue-collar,5,Premium,30308,8630
952,2019-04-17,Life,Major,75997,56,M,Unemployed,4,Standard,25955,9749
953,2012-01-19,Life,Major,95932,20,F,Blue-collar,2,Premium,70245,8383
954,2015-05-08,Life,Major,20145,19,F,Unemployed,2,Premium,10557,2370
955,2014-02-08,Auto,Major,16540,57,M,Professional,5,Premium,82683,6377
956,2013-01-25,Auto,Minor,17244,49,F,Unemployed,3,Standard,27397,6653
957,2018-08-06,Auto,Catastrophic,44170,47,F,Unemployed,5,Standard,82881,2448
958,2021-03-07,Life,Major,71166,57,F,Unemployed,2,Premium,99869,1303
959,2011-09-23,Auto,Major,4077,32,M,Unemployed,3,Standard,81147,81
960,2019-03-27,Home,Major,20712,41,M,Professional,1,Standard,35315,6158
961,2010-08-23,Home,Minor,33583,30,F,Blue-collar,0,Standard,68556,5771
962,2022-12-17,Life,Minor,40287,33,M,Unemployed,1,Standard,12695,6636
963,2012-11-15,Home,Catastrophic,14275,56,M,Professional,3,Premium,56666,4051
964,2018-01-16,Auto,Minor,55687,61,M,Professional,5,Premium,47582,5689
965,2017-10-26,Life,Minor,21744,42,F,Blue-collar,1,Premium,25263,690
966,2014-12-14,Auto,Major,97776,38,F,Unemployed,5,Standard,80659,5245
967,2016-04-23,Life,Major,5528,41,F,Blue-collar,1,Premium,17958,9544
968,2015-02-25,Auto,Major,44207,24,F,Professional,2,Premium,60373,6164
969,2021-03-05,Life,Major,29252,48,F,Professional,0,Premium,31485,5276
970,2016-06-19,Home,Major,14087,51,M,Professional,4,Premium,47032,6801
971,2015-01-14,Auto,Catastrophic,72998,23,F,Professional,4,Standard,28550,1660
972,2012-12-14,Life,Minor,75503,56,F,Unemployed,0,Standard,35535,5732
973,2020-03-20,Home,Minor,24886,29,M,Professional,4,Standard,17670,848
974,2016-01-26,Home,Minor,4768,34,M,Blue-collar,4,Standard,35247,6618
975,2023-03-18,Home,Catastrophic,6403,39,F,Blue-collar,3,Premium,27178,9543
976,2011-01-27,Home,Minor,50367,44,M,Blue-collar,3,Premium,15691,3793
977,2020-12-17,Life,Minor,69197,44,F,Professional,5,Premium,73820,8566
978,2015-10-14,Home,Catastrophic,82064,30,M,Blue-collar,5,Premium,28922,4329
979,2016-03-24,Home,Major,51312,60,M,Blue-collar,3,Premium,98711,6154
980,2015-11-16,Home,Catastrophic,35053,69,M,Professional,3,Standard,81796,8923
981,2019-09-27,Life,Minor,4695,43,M,Unemployed,3,Premium,65537,9761
982,2018-08-22,Home,Catastrophic,89687,23,F,Unemployed,3,Standard,38664,9730
983,2013-12-04,Life,Catastrophic,35802,27,M,Unemployed,2,Standard,85457,4183
984,2013-11-26,Home,Catastrophic,50060,53,F,Professional,1,Premium,50653,2619
985,2014-11-02,Home,Major,93112,67,F,Unemployed,5,Premium,41318,6752
986,2017-02-28,Auto,Minor,23211,50,M,Unemployed,5,Standard,58285,9892
987,2014-11-16,Home,Catastrophic,77477,19,M,Blue-collar,4,Standard,72761,3890
988,2021-05-21,Home,Minor,11582,24,F,Unemployed,0,Premium,56808,395
989,2021-11-07,Home,Major,39834,52,F,Blue-collar,4,Premium,23477,2813
990,2019-06-11,Life,Minor,50871,40,F,Professional,3,Premium,96895,6714
991,2018-01-25,Home,Catastrophic,7247,27,M,Unemployed,2,Standard,38057,9966
992,2021-04-28,Home,Major,35403,52,M,Unemployed,4,Premium,96629,2344
993,2022-01-24,Life,Catastrophic,11218,18,F,Unemployed,2,Standard,72630,8812
994,2018-11-19,Home,Catastrophic,7378,21,F,Unemployed,3,Standard,94210,4004
995,2015-09-18,Home,Minor,88950,30,M,Professional,3,Standard,43819,546
996,2022-08-05,Life,Catastrophic,40702,32,M,Unemployed,5,Standard,29732,366
997,2021-09-28,Home,Catastrophic,31335,18,M,Blue-collar,1,Standard,33666,1782
998,2023-01-13,Auto,Major,22628,24,F,Blue-collar,2,Premium,60704,7114
999,2020-04-23,Auto,Minor,17982,47,M,Blue-collar,3,Standard,18070,3532
1000,2010-10-19,Life,Catastrophic,54483,68,M,Unemployed,0,Standard,29746,8067
